-- Minimal test data for CI and local dev. Populates enough rows across all
-- tables so that the Rankings page renders every category group.
-- Uses 5 representative products: coderabbit, sourcery, greptile, sentry, claude.

-- review_activity: 12 weeks of data per bot for growth/enterprise/battle-tested
INSERT INTO code_review_trends.review_activity (week, bot_id, review_count, review_comment_count, pr_comment_count, repo_count, org_count) VALUES
    ('2025-12-01', 'coderabbit', 500, 1200, 300, 80, 60),
    ('2025-12-08', 'coderabbit', 520, 1250, 320, 82, 62),
    ('2025-12-15', 'coderabbit', 540, 1300, 340, 84, 64),
    ('2025-12-22', 'coderabbit', 530, 1280, 330, 83, 63),
    ('2025-12-29', 'coderabbit', 560, 1350, 360, 86, 66),
    ('2026-01-05', 'coderabbit', 580, 1400, 380, 88, 68),
    ('2026-01-12', 'coderabbit', 600, 1450, 400, 90, 70),
    ('2026-01-19', 'coderabbit', 620, 1500, 420, 92, 72),
    ('2026-01-26', 'coderabbit', 640, 1550, 440, 94, 74),
    ('2026-02-02', 'coderabbit', 660, 1600, 460, 96, 76),
    ('2026-02-09', 'coderabbit', 680, 1650, 480, 98, 78),
    ('2026-02-16', 'coderabbit', 700, 1700, 500, 100, 80),
    ('2025-12-01', 'sourcery', 200, 600, 150, 40, 30),
    ('2025-12-08', 'sourcery', 210, 620, 160, 42, 31),
    ('2025-12-15', 'sourcery', 205, 610, 155, 41, 30),
    ('2025-12-22', 'sourcery', 215, 630, 165, 43, 32),
    ('2025-12-29', 'sourcery', 220, 640, 170, 44, 33),
    ('2026-01-05', 'sourcery', 225, 650, 175, 45, 34),
    ('2026-01-12', 'sourcery', 230, 660, 180, 46, 35),
    ('2026-01-19', 'sourcery', 235, 670, 185, 47, 36),
    ('2026-01-26', 'sourcery', 240, 680, 190, 48, 37),
    ('2026-02-02', 'sourcery', 245, 690, 195, 49, 38),
    ('2026-02-09', 'sourcery', 250, 700, 200, 50, 39),
    ('2026-02-16', 'sourcery', 255, 710, 205, 51, 40),
    ('2025-12-01', 'greptile', 150, 400, 100, 30, 20),
    ('2025-12-08', 'greptile', 160, 420, 110, 32, 21),
    ('2025-12-15', 'greptile', 170, 440, 120, 34, 22),
    ('2025-12-22', 'greptile', 180, 460, 130, 36, 23),
    ('2025-12-29', 'greptile', 190, 480, 140, 38, 24),
    ('2026-01-05', 'greptile', 200, 500, 150, 40, 25),
    ('2026-01-12', 'greptile', 220, 540, 170, 44, 27),
    ('2026-01-19', 'greptile', 240, 580, 190, 48, 29),
    ('2026-01-26', 'greptile', 260, 620, 210, 52, 31),
    ('2026-02-02', 'greptile', 280, 660, 230, 56, 33),
    ('2026-02-09', 'greptile', 300, 700, 250, 60, 35),
    ('2026-02-16', 'greptile', 320, 740, 270, 64, 37),
    ('2025-12-01', 'sentry', 80, 200, 50, 20, 15),
    ('2025-12-08', 'sentry', 82, 205, 52, 20, 15),
    ('2025-12-15', 'sentry', 84, 210, 54, 21, 16),
    ('2025-12-22', 'sentry', 86, 215, 56, 21, 16),
    ('2025-12-29', 'sentry', 88, 220, 58, 22, 17),
    ('2026-01-05', 'sentry', 90, 225, 60, 22, 17),
    ('2026-01-12', 'sentry', 92, 230, 62, 23, 18),
    ('2026-01-19', 'sentry', 94, 235, 64, 23, 18),
    ('2026-01-26', 'sentry', 96, 240, 66, 24, 19),
    ('2026-02-02', 'sentry', 98, 245, 68, 24, 19),
    ('2026-02-09', 'sentry', 100, 250, 70, 25, 20),
    ('2026-02-16', 'sentry', 102, 255, 72, 25, 20),
    ('2025-12-01', 'claude', 60, 150, 40, 15, 10),
    ('2025-12-08', 'claude', 65, 160, 42, 16, 11),
    ('2025-12-15', 'claude', 70, 170, 45, 17, 12),
    ('2025-12-22', 'claude', 75, 180, 48, 18, 13),
    ('2025-12-29', 'claude', 80, 190, 50, 19, 14),
    ('2026-01-05', 'claude', 90, 210, 55, 21, 15),
    ('2026-01-12', 'claude', 100, 230, 60, 23, 16),
    ('2026-01-19', 'claude', 115, 260, 68, 26, 18),
    ('2026-01-26', 'claude', 130, 290, 76, 29, 20),
    ('2026-02-02', 'claude', 150, 330, 86, 33, 23),
    ('2026-02-09', 'claude', 170, 370, 96, 37, 26),
    ('2026-02-16', 'claude', 200, 420, 110, 42, 30);

-- human_review_activity: needed for proportion calculations
INSERT INTO code_review_trends.human_review_activity (week, review_count, review_comment_count, pr_comment_count, repo_count) VALUES
    ('2025-12-01', 50000, 120000, 80000, 25000),
    ('2025-12-08', 51000, 122000, 81000, 25200),
    ('2025-12-15', 50500, 121000, 80500, 25100),
    ('2025-12-22', 48000, 115000, 77000, 24000),
    ('2025-12-29', 47000, 113000, 76000, 23500),
    ('2026-01-05', 52000, 125000, 83000, 26000),
    ('2026-01-12', 53000, 127000, 84000, 26500),
    ('2026-01-19', 54000, 130000, 86000, 27000),
    ('2026-01-26', 55000, 132000, 87000, 27500),
    ('2026-02-02', 56000, 134000, 88000, 28000),
    ('2026-02-09', 57000, 137000, 90000, 28500),
    ('2026-02-16', 58000, 139000, 91000, 29000);

-- repos: 10 repos with stars and languages for Language Specialist + Big Projects
INSERT INTO code_review_trends.repos (name, owner, stars, primary_language, fork, archived) VALUES
    ('org-a/web-app', 'org-a', 5200, 'TypeScript', false, false),
    ('org-a/api-service', 'org-a', 3100, 'Python', false, false),
    ('org-b/ml-platform', 'org-b', 8400, 'Python', false, false),
    ('org-b/infra-tools', 'org-b', 1200, 'Go', false, false),
    ('org-c/frontend', 'org-c', 2800, 'JavaScript', false, false),
    ('org-c/compiler', 'org-c', 6100, 'Rust', false, false),
    ('org-d/cli-tool', 'org-d', 950, 'Go', false, false),
    ('org-d/backend', 'org-d', 4300, 'TypeScript', false, false),
    ('org-e/data-pipeline', 'org-e', 1800, 'Python', false, false),
    ('org-e/mobile-app', 'org-e', 3500, 'TypeScript', false, false);

-- pr_bot_events: bot activity per repo (for Language Specialist + discovery)
INSERT INTO code_review_trends.pr_bot_events (repo_name, pr_number, bot_id, actor_login, event_type, review_state, event_week) VALUES
    ('org-a/web-app', 1, 'coderabbit', 'coderabbitai', 'PullRequestReviewEvent', 'approved', '2026-01-12'),
    ('org-a/web-app', 2, 'coderabbit', 'coderabbitai', 'PullRequestReviewEvent', 'changes_requested', '2026-01-19'),
    ('org-a/web-app', 3, 'coderabbit', 'coderabbitai', 'PullRequestReviewComment', '', '2026-01-26'),
    ('org-a/web-app', 4, 'greptile', 'greptile-bot', 'PullRequestReviewEvent', 'approved', '2026-01-12'),
    ('org-a/web-app', 5, 'claude', 'claude-ai', 'PullRequestReviewEvent', 'approved', '2026-02-02'),
    ('org-a/api-service', 1, 'coderabbit', 'coderabbitai', 'PullRequestReviewEvent', 'approved', '2026-01-12'),
    ('org-a/api-service', 2, 'sourcery', 'sourcery-ai', 'PullRequestReviewEvent', 'approved', '2026-01-19'),
    ('org-a/api-service', 3, 'sourcery', 'sourcery-ai', 'PullRequestReviewComment', '', '2026-01-26'),
    ('org-b/ml-platform', 1, 'coderabbit', 'coderabbitai', 'PullRequestReviewEvent', 'approved', '2026-01-05'),
    ('org-b/ml-platform', 2, 'greptile', 'greptile-bot', 'PullRequestReviewEvent', 'approved', '2026-01-12'),
    ('org-b/ml-platform', 3, 'greptile', 'greptile-bot', 'PullRequestReviewComment', '', '2026-01-19'),
    ('org-b/ml-platform', 4, 'claude', 'claude-ai', 'PullRequestReviewEvent', 'changes_requested', '2026-02-09'),
    ('org-b/infra-tools', 1, 'sourcery', 'sourcery-ai', 'PullRequestReviewEvent', 'approved', '2026-01-05'),
    ('org-b/infra-tools', 2, 'sentry', 'getsentry-bot', 'IssueCommentEvent', '', '2026-01-12'),
    ('org-c/frontend', 1, 'coderabbit', 'coderabbitai', 'PullRequestReviewEvent', 'approved', '2026-01-19'),
    ('org-c/frontend', 2, 'greptile', 'greptile-bot', 'PullRequestReviewEvent', 'approved', '2026-01-26'),
    ('org-c/compiler', 1, 'claude', 'claude-ai', 'PullRequestReviewEvent', 'approved', '2026-02-02'),
    ('org-c/compiler', 2, 'sentry', 'getsentry-bot', 'PullRequestReviewEvent', 'approved', '2026-02-09'),
    ('org-d/cli-tool', 1, 'sourcery', 'sourcery-ai', 'PullRequestReviewEvent', 'approved', '2026-01-12'),
    ('org-d/backend', 1, 'coderabbit', 'coderabbitai', 'PullRequestReviewEvent', 'approved', '2026-01-26'),
    ('org-d/backend', 2, 'greptile', 'greptile-bot', 'PullRequestReviewComment', '', '2026-02-02'),
    ('org-e/data-pipeline', 1, 'sourcery', 'sourcery-ai', 'PullRequestReviewEvent', 'changes_requested', '2026-01-19'),
    ('org-e/data-pipeline', 2, 'coderabbit', 'coderabbitai', 'PullRequestReviewEvent', 'approved', '2026-01-26'),
    ('org-e/mobile-app', 1, 'coderabbit', 'coderabbitai', 'PullRequestReviewEvent', 'approved', '2026-02-02'),
    ('org-e/mobile-app', 2, 'claude', 'claude-ai', 'PullRequestReviewEvent', 'approved', '2026-02-09'),
    ('org-e/mobile-app', 3, 'sentry', 'getsentry-bot', 'PullRequestReviewEvent', 'approved', '2026-02-16');

-- pull_requests: PRs for merge correlation, response time, handles big PRs
INSERT INTO code_review_trends.pull_requests (repo_name, pr_number, title, author, state, created_at, merged_at, closed_at, additions, deletions, changed_files, thumbs_up, thumbs_down) VALUES
    ('org-a/web-app', 1, 'Add auth module', 'dev1', 'closed', '2026-01-12 10:00:00', '2026-01-12 14:00:00', '2026-01-12 14:00:00', 250, 30, 8, 2, 0),
    ('org-a/web-app', 2, 'Fix login bug', 'dev2', 'closed', '2026-01-19 09:00:00', '2026-01-19 11:00:00', '2026-01-19 11:00:00', 15, 5, 2, 1, 0),
    ('org-a/web-app', 3, 'Refactor components', 'dev1', 'closed', '2026-01-26 08:00:00', '2026-01-26 16:00:00', '2026-01-26 16:00:00', 450, 200, 15, 3, 0),
    ('org-a/web-app', 4, 'Update deps', 'dev3', 'closed', '2026-01-12 12:00:00', '2026-01-12 13:00:00', '2026-01-12 13:00:00', 50, 50, 1, 0, 0),
    ('org-a/web-app', 5, 'Add tests', 'dev2', 'closed', '2026-02-02 10:00:00', '2026-02-02 15:00:00', '2026-02-02 15:00:00', 300, 10, 12, 1, 0),
    ('org-a/api-service', 1, 'REST endpoints', 'dev1', 'closed', '2026-01-12 10:00:00', '2026-01-12 18:00:00', '2026-01-12 18:00:00', 600, 100, 20, 2, 0),
    ('org-a/api-service', 2, 'DB migrations', 'dev2', 'closed', '2026-01-19 11:00:00', '2026-01-19 14:00:00', '2026-01-19 14:00:00', 120, 20, 5, 1, 0),
    ('org-a/api-service', 3, 'Add caching', 'dev1', 'closed', '2026-01-26 09:00:00', '2026-01-26 12:00:00', '2026-01-26 12:00:00', 180, 40, 7, 2, 0),
    ('org-b/ml-platform', 1, 'ML pipeline', 'dev3', 'closed', '2026-01-05 10:00:00', '2026-01-05 20:00:00', '2026-01-05 20:00:00', 800, 150, 25, 3, 0),
    ('org-b/ml-platform', 2, 'Feature store', 'dev1', 'closed', '2026-01-12 08:00:00', '2026-01-12 16:00:00', '2026-01-12 16:00:00', 500, 80, 18, 2, 0),
    ('org-b/ml-platform', 3, 'Model serving', 'dev2', 'closed', '2026-01-19 10:00:00', null, '2026-01-25 10:00:00', 350, 60, 12, 1, 1),
    ('org-b/ml-platform', 4, 'Training loop', 'dev3', 'closed', '2026-02-09 09:00:00', '2026-02-09 17:00:00', '2026-02-09 17:00:00', 400, 100, 14, 2, 0),
    ('org-b/infra-tools', 1, 'Terraform module', 'dev1', 'closed', '2026-01-05 10:00:00', '2026-01-05 12:00:00', '2026-01-05 12:00:00', 200, 30, 6, 1, 0),
    ('org-b/infra-tools', 2, 'K8s manifests', 'dev2', 'closed', '2026-01-12 11:00:00', '2026-01-12 14:00:00', '2026-01-12 14:00:00', 150, 20, 4, 0, 0),
    ('org-c/frontend', 1, 'Design system', 'dev1', 'closed', '2026-01-19 10:00:00', '2026-01-19 15:00:00', '2026-01-19 15:00:00', 700, 200, 22, 3, 0),
    ('org-c/frontend', 2, 'Accessibility', 'dev3', 'closed', '2026-01-26 09:00:00', '2026-01-26 13:00:00', '2026-01-26 13:00:00', 200, 50, 10, 2, 0),
    ('org-c/compiler', 1, 'Parser rewrite', 'dev1', 'closed', '2026-02-02 08:00:00', '2026-02-02 20:00:00', '2026-02-02 20:00:00', 1200, 400, 30, 4, 0),
    ('org-c/compiler', 2, 'Optimizer pass', 'dev2', 'closed', '2026-02-09 10:00:00', '2026-02-09 18:00:00', '2026-02-09 18:00:00', 900, 300, 25, 3, 1),
    ('org-d/cli-tool', 1, 'CLI args', 'dev3', 'closed', '2026-01-12 10:00:00', '2026-01-12 11:00:00', '2026-01-12 11:00:00', 80, 10, 3, 1, 0),
    ('org-d/backend', 1, 'API gateway', 'dev1', 'closed', '2026-01-26 09:00:00', '2026-01-26 14:00:00', '2026-01-26 14:00:00', 400, 100, 15, 2, 0),
    ('org-d/backend', 2, 'WebSocket support', 'dev2', 'closed', '2026-02-02 10:00:00', '2026-02-02 16:00:00', '2026-02-02 16:00:00', 300, 50, 10, 1, 0),
    ('org-e/data-pipeline', 1, 'ETL framework', 'dev1', 'closed', '2026-01-19 08:00:00', null, '2026-01-25 08:00:00', 500, 80, 18, 1, 1),
    ('org-e/data-pipeline', 2, 'Batch processing', 'dev2', 'closed', '2026-01-26 10:00:00', '2026-01-26 15:00:00', '2026-01-26 15:00:00', 350, 60, 12, 2, 0),
    ('org-e/mobile-app', 1, 'Push notifications', 'dev1', 'closed', '2026-02-02 09:00:00', '2026-02-02 13:00:00', '2026-02-02 13:00:00', 250, 40, 8, 1, 0),
    ('org-e/mobile-app', 2, 'Offline mode', 'dev3', 'closed', '2026-02-09 10:00:00', '2026-02-09 16:00:00', '2026-02-09 16:00:00', 400, 70, 14, 2, 0),
    ('org-e/mobile-app', 3, 'Analytics SDK', 'dev2', 'closed', '2026-02-16 10:00:00', '2026-02-16 14:00:00', '2026-02-16 14:00:00', 180, 30, 6, 1, 0);

-- pr_comments: bot review comments with reactions (for Most Loved, Signal over Noise, Wall of Text)
-- Need >1000 total reactions to pass enrichment threshold
INSERT INTO code_review_trends.pr_comments (repo_name, pr_number, comment_id, bot_id, body_length, created_at, thumbs_up, thumbs_down, heart) VALUES
    ('org-a/web-app', 1, 1001, 'coderabbit', 450, '2026-01-12 10:30:00', 8, 1, 2),
    ('org-a/web-app', 1, 1002, 'coderabbit', 320, '2026-01-12 10:31:00', 6, 0, 1),
    ('org-a/web-app', 2, 1003, 'coderabbit', 180, '2026-01-19 09:30:00', 5, 1, 0),
    ('org-a/web-app', 3, 1004, 'coderabbit', 600, '2026-01-26 08:30:00', 10, 2, 3),
    ('org-a/web-app', 3, 1005, 'coderabbit', 400, '2026-01-26 08:31:00', 7, 1, 1),
    ('org-a/web-app', 4, 1006, 'greptile', 250, '2026-01-12 12:30:00', 4, 0, 1),
    ('org-a/web-app', 5, 1007, 'claude', 800, '2026-02-02 10:30:00', 12, 0, 5),
    ('org-a/api-service', 1, 1008, 'coderabbit', 500, '2026-01-12 10:30:00', 9, 1, 2),
    ('org-a/api-service', 1, 1009, 'coderabbit', 350, '2026-01-12 10:31:00', 7, 0, 1),
    ('org-a/api-service', 2, 1010, 'sourcery', 280, '2026-01-19 11:30:00', 5, 2, 0),
    ('org-a/api-service', 3, 1011, 'sourcery', 420, '2026-01-26 09:30:00', 6, 1, 1),
    ('org-b/ml-platform', 1, 1012, 'coderabbit', 550, '2026-01-05 10:30:00', 8, 1, 2),
    ('org-b/ml-platform', 1, 1013, 'coderabbit', 380, '2026-01-05 10:31:00', 6, 0, 1),
    ('org-b/ml-platform', 2, 1014, 'greptile', 300, '2026-01-12 08:30:00', 5, 1, 0),
    ('org-b/ml-platform', 2, 1015, 'greptile', 420, '2026-01-12 08:31:00', 7, 0, 2),
    ('org-b/ml-platform', 3, 1016, 'greptile', 350, '2026-01-19 10:30:00', 4, 1, 1),
    ('org-b/ml-platform', 4, 1017, 'claude', 900, '2026-02-09 09:30:00', 15, 1, 6),
    ('org-b/infra-tools', 1, 1018, 'sourcery', 200, '2026-01-05 10:30:00', 3, 0, 0),
    ('org-b/infra-tools', 2, 1019, 'sentry', 150, '2026-01-12 11:30:00', 2, 0, 0),
    ('org-c/frontend', 1, 1020, 'coderabbit', 480, '2026-01-19 10:30:00', 8, 1, 2),
    ('org-c/frontend', 1, 1021, 'coderabbit', 350, '2026-01-19 10:31:00', 6, 0, 1),
    ('org-c/frontend', 2, 1022, 'greptile', 280, '2026-01-26 09:30:00', 5, 1, 0),
    ('org-c/compiler', 1, 1023, 'claude', 1100, '2026-02-02 08:30:00', 18, 0, 8),
    ('org-c/compiler', 1, 1024, 'claude', 750, '2026-02-02 08:31:00', 14, 1, 5),
    ('org-c/compiler', 2, 1025, 'sentry', 180, '2026-02-09 10:30:00', 3, 0, 0),
    ('org-d/cli-tool', 1, 1026, 'sourcery', 220, '2026-01-12 10:30:00', 4, 1, 0),
    ('org-d/backend', 1, 1027, 'coderabbit', 400, '2026-01-26 09:30:00', 7, 1, 1),
    ('org-d/backend', 1, 1028, 'coderabbit', 300, '2026-01-26 09:31:00', 5, 0, 1),
    ('org-d/backend', 2, 1029, 'greptile', 350, '2026-02-02 10:30:00', 6, 1, 1),
    ('org-e/data-pipeline', 1, 1030, 'sourcery', 380, '2026-01-19 08:30:00', 5, 2, 0),
    ('org-e/data-pipeline', 2, 1031, 'coderabbit', 420, '2026-01-26 10:30:00', 7, 1, 2),
    ('org-e/mobile-app', 1, 1032, 'coderabbit', 350, '2026-02-02 09:30:00', 6, 0, 1),
    ('org-e/mobile-app', 2, 1033, 'claude', 700, '2026-02-09 10:30:00', 11, 0, 4),
    ('org-e/mobile-app', 3, 1034, 'sentry', 160, '2026-02-16 10:30:00', 2, 0, 0);

-- Bulk reactions: add more thumbs_up/thumbs_down to pass the 1000-reaction threshold.
-- We need to repeat entries across repos to reach the total.
-- Using different comment_ids for additional high-reaction comments.
INSERT INTO code_review_trends.pr_comments (repo_name, pr_number, comment_id, bot_id, body_length, created_at, thumbs_up, thumbs_down, heart) VALUES
    ('org-a/web-app', 1, 2001, 'coderabbit', 500, '2026-01-12 11:00:00', 25, 3, 5),
    ('org-a/web-app', 2, 2002, 'coderabbit', 400, '2026-01-19 10:00:00', 20, 2, 4),
    ('org-a/web-app', 3, 2003, 'coderabbit', 350, '2026-01-26 09:00:00', 18, 2, 3),
    ('org-a/web-app', 4, 2004, 'greptile', 300, '2026-01-12 13:00:00', 15, 1, 2),
    ('org-a/web-app', 5, 2005, 'claude', 900, '2026-02-02 11:00:00', 30, 1, 8),
    ('org-a/api-service', 1, 2006, 'coderabbit', 450, '2026-01-12 11:00:00', 22, 2, 5),
    ('org-a/api-service', 2, 2007, 'sourcery', 350, '2026-01-19 12:00:00', 15, 3, 2),
    ('org-a/api-service', 3, 2008, 'sourcery', 400, '2026-01-26 10:00:00', 18, 2, 3),
    ('org-b/ml-platform', 1, 2009, 'coderabbit', 500, '2026-01-05 11:00:00', 25, 2, 6),
    ('org-b/ml-platform', 2, 2010, 'greptile', 400, '2026-01-12 09:00:00', 20, 1, 4),
    ('org-b/ml-platform', 3, 2011, 'greptile', 350, '2026-01-19 11:00:00', 18, 2, 3),
    ('org-b/ml-platform', 4, 2012, 'claude', 800, '2026-02-09 10:00:00', 28, 1, 7),
    ('org-b/infra-tools', 1, 2013, 'sourcery', 250, '2026-01-05 11:00:00', 12, 1, 1),
    ('org-b/infra-tools', 2, 2014, 'sentry', 180, '2026-01-12 12:00:00', 8, 0, 0),
    ('org-c/frontend', 1, 2015, 'coderabbit', 450, '2026-01-19 11:00:00', 22, 1, 5),
    ('org-c/frontend', 2, 2016, 'greptile', 320, '2026-01-26 10:00:00', 16, 2, 2),
    ('org-c/compiler', 1, 2017, 'claude', 1000, '2026-02-02 09:00:00', 35, 1, 10),
    ('org-c/compiler', 2, 2018, 'sentry', 200, '2026-02-09 11:00:00', 10, 0, 1),
    ('org-d/cli-tool', 1, 2019, 'sourcery', 250, '2026-01-12 11:00:00', 12, 1, 1),
    ('org-d/backend', 1, 2020, 'coderabbit', 380, '2026-01-26 10:00:00', 20, 1, 4),
    ('org-d/backend', 2, 2021, 'greptile', 300, '2026-02-02 11:00:00', 15, 2, 2),
    ('org-e/data-pipeline', 1, 2022, 'sourcery', 350, '2026-01-19 09:00:00', 14, 3, 1),
    ('org-e/data-pipeline', 2, 2023, 'coderabbit', 400, '2026-01-26 11:00:00', 20, 1, 4),
    ('org-e/mobile-app', 1, 2024, 'coderabbit', 320, '2026-02-02 10:00:00', 18, 1, 3),
    ('org-e/mobile-app', 2, 2025, 'claude', 650, '2026-02-09 11:00:00', 25, 0, 6),
    ('org-e/mobile-app', 3, 2026, 'sentry', 180, '2026-02-16 11:00:00', 8, 0, 0);

-- Additional high-reaction comments to ensure total reactions exceed the 1000 threshold
INSERT INTO code_review_trends.pr_comments (repo_name, pr_number, comment_id, bot_id, body_length, created_at, thumbs_up, thumbs_down, heart) VALUES
    ('org-a/web-app', 1, 3001, 'coderabbit', 500, '2026-01-12 12:00:00', 40, 5, 8),
    ('org-a/api-service', 1, 3002, 'coderabbit', 450, '2026-01-12 12:00:00', 35, 4, 6),
    ('org-b/ml-platform', 1, 3003, 'greptile', 380, '2026-01-05 12:00:00', 30, 3, 5),
    ('org-c/compiler', 1, 3004, 'claude', 900, '2026-02-02 12:00:00', 45, 2, 10),
    ('org-d/backend', 1, 3005, 'sourcery', 350, '2026-01-26 12:00:00', 28, 3, 4),
    ('org-e/mobile-app', 2, 3006, 'sentry', 200, '2026-02-09 12:00:00', 20, 2, 2),
    ('org-c/frontend', 1, 3007, 'greptile', 420, '2026-01-19 12:00:00', 32, 3, 6);
